|Run,|Epoch,#SSE,#AvgSSE,#PctErr,#PctCor,#CosDiff
0,4,1.581,0.06586,0.08333,0.9167,0.8333
0,9,0,0,0,1,1
0,14,0,0,0,1,1
0,19,0,0,0,1,1
1,4,0,0,0,1,1
1,9,0,0,0,1,1
1,14,0,0,0,1,1
2,4,3.457,0.144,0.1667,0.8333,0.6667
2,9,3.482,0.1451,0.1667,0.8333,0.6667
2,14,3.483,0.1451,0.1667,0.8333,0.6667
2,19,3.488,0.1453,0.1667,0.8333,0.6667
3,4,5.048,0.2103,0.25,0.75,0.5
3,9,0,0,0,1,1
3,14,0,0,0,1,1
3,19,0,0,0,1,1
4,4,0,0,0,1,1
4,9,0,0,0,1,1
4,14,0,0,0,1,1
4,19,0,0,0,1,1
